asin,first_three_words,shortened_product_title,product_price,product_original_price,currency,product_star_rating,product_num_ratings,product_num_offers,product_minimum_offer_price,sales_volume,delivery
B0BQ118F2T,Moto G Play,Moto G Play 2023 3-Day Battery,$99.00 ,$169.99 ,USD,4.0,1319,16,$69.88 ,4K+ bought in past month,"FREE delivery Tue, Sep 24 Only 1 left in stock - order soon."
B09SM24S8C,Samsung Galaxy A03s,Samsung Galaxy A03s Cell Phone,$69.00 ,$99.99 ,USD,3.8,597,35,$64.99 ,2K+ bought in past month,"FREE delivery Tue, Sep 24"
B09T3MQSVP,Samsung Galaxy A13,Samsung Galaxy A13 5G Cell Pho,$88.09 ,$98.27 ,USD,3.8,1338,31,$70.40 ,500+ bought in past month,"FREE delivery Mon, Sep 30"
B0BZG14KFJ,Panasonic Cordless Phone,Panasonic Cordless Phone with ,$49.99 ,$59.99 ,USD,4.4,3843,3,$25.19 ,4K+ bought in past month,"FREE delivery Tue, Sep 24"
B0C2SWQBMB,Motorola Moto G,Motorola Moto G 5G | 2023 | Un,$149.99 ,$249.99 ,USD,4.2,2637,8,$100.72 ,2K+ bought in past month,"FREE delivery Tue, Sep 24"
B0CTD47P22,Samsung Galaxy A15,Samsung Galaxy A15 A155M 128GB,$149.50 ,$158.00 ,USD,4.2,253,9,$146.50 ,500+ bought in past month,"FREE delivery Tue, Sep 24"
B0C22BRGLG,OnePlus Nord N30,OnePlus Nord N30 5G | Unlocked,$249.99 ,$299.99 ,USD,4.3,963,5,$209.28 ,1K+ bought in past month,"FREE delivery Tue, Sep 24"
B09LKXHWCF,Apple iPhone 13,"Apple iPhone 13 Mini, 128GB, B",$355.81 ,$415.00 ,USD,4.1,4265,20,$303.99 ,500+ bought in past month,"FREE delivery Tomorrow, Sep 20"
B0BQ118F2T,Moto G Play,Moto G Play 2023 3-Day Battery,$99.00 ,$169.99 ,USD,4.0,1319,16,$69.88 ,4K+ bought in past month,"FREE delivery Tue, Sep 24 Only 3 left in stock - order soon."
B09SM24S8C,Samsung Galaxy A03s,Samsung Galaxy A03s Cell Phone,$69.00 ,$99.99 ,USD,3.8,597,35,$64.99 ,2K+ bought in past month,"FREE delivery Tue, Sep 24"
B0BZG14KFJ,Panasonic Cordless Phone,Panasonic Cordless Phone with ,$49.99 ,$59.99 ,USD,4.4,3843,3,$25.19 ,4K+ bought in past month,"FREE delivery Tue, Sep 24"
B0C2SWQBMB,Motorola Moto G,Motorola Moto G 5G | 2023 | Un,$149.99 ,$249.99 ,USD,4.2,2637,8,$100.72 ,2K+ bought in past month,"FREE delivery Tue, Sep 24"
B0CTD47P22,Samsung Galaxy A15,Samsung Galaxy A15 A155M 128GB,$149.50 ,$158.00 ,USD,4.2,253,9,$146.50 ,500+ bought in past month,"FREE delivery Tue, Sep 24"
B0C22BRGLG,OnePlus Nord N30,OnePlus Nord N30 5G | Unlocked,$249.99 ,$299.99 ,USD,4.3,963,5,$209.28 ,1K+ bought in past month,"FREE delivery Tue, Sep 24"
B085TCRFST,Alcatel 1 (16GB),Alcatel 1 (16GB) 5.0&quot; Ful,$41.99 ,$44.70 ,USD,3.6,2048,7,$29.70 ,1K+ bought in past month,"FREE delivery Tue, Sep 24"
B096T6Y623,Samsung Galaxy S21,"Samsung Galaxy S21 Ultra 5G, U",$269.99 ,$294.00 ,USD,3.9,2362,69,$244.99 ,2K+ bought in past month,"FREE delivery Tue, Sep 24"
B0CMDL3H3V,SAMSUNG Galaxy S24+,SAMSUNG Galaxy S24+ Plus Cell ,$798.00 ,$999.99 ,USD,4.5,615,2,$741.99 ,1K+ bought in past month,"$10.33 delivery Fri, Oct 4"
B0CD99XXQY,SAMSUNG Galaxy S23,SAMSUNG Galaxy S23 FE AI Phone,$499.99 ,$599.99 ,USD,4.5,1159,2,$451.19 ,200+ bought in past month,"FREE delivery Wed, Sep 25"
B0CSF1MRRR,BLU G63 |,BLU G63 | 2023 | 3-Day Battery,$89.99 ,$129.99 ,USD,3.9,92,5,$79.99 ,300+ bought in past month,"FREE delivery Tue, Sep 24"
B01H1E3EAA,AT&amp;T TRIMLINE 213,AT&amp;T TRIMLINE 213 Corded H,$17.56 ,$19.95 ,USD,4.4,315,2,$13.28 ,900+ bought in past month,"FREE delivery Tue, Sep 24 on $35 of items shipped by Amazon"
B0BZ9XNBRB,Google Pixel 7a,Google Pixel 7a - Unlocked And,$344.95 ,$499.00 ,USD,4.3,2482,21,$318.00 ,1K+ bought in past month,FREE delivery
B0CTD42NJZ,SAMSUNG Galaxy A15,SAMSUNG Galaxy A15 5G (SM-156M,$183.69 ,$199.00 ,USD,4.3,146,7,$176.35 ,1K+ bought in past month,"FREE delivery Tue, Sep 24"
B0C1Q3MVBP,Samsung Galaxy A14,Samsung Galaxy A14 5G A Series,$98.52 ,$172.00 ,USD,3.7,762,23,$88.98 ,2K+ bought in past month,"FREE delivery Tue, Sep 24"
B0CCT2BR1J,Tracfone Samsung Galaxy,Tracfone Samsung Galaxy A14 5G,$99.88 ,$119.99 ,USD,4.2,308,2,$64.99 ,200+ bought in past month,"FREE delivery Tue, Sep 24"
B08VLMQ3KS,Samsung Galaxy S21,"Samsung Galaxy S21 5G, US Vers",$209.99 ,$249.00 ,USD,3.9,6272,5,$164.99 ,2K+ bought in past month,"FREE delivery Sat, Sep 21 Or fastest delivery Tomorrow, Sep 20 Only 20 left in stock - order soon."
B09T3MQSVP,Samsung Galaxy A13,Samsung Galaxy A13 5G Cell Pho,$88.82 ,$98.27 ,USD,3.8,1338,31,$70.40 ,500+ bought in past month,FREE delivery Sep 23 - 24 Only 1 left in stock - order soon.
B088NQXD8T,Apple iPhone SE,Apple iPhone SE 2nd Generation,$128.00 ,$156.86 ,USD,4.3,18826,40,$96.69 ,2K+ bought in past month,FREE delivery
B08PMYLKVF,Apple iPhone 12,"Apple iPhone 12 Pro, 128GB, Pa",$387.00 ,$521.01 ,USD,4.2,10317,17,$353.72 ,1K+ bought in past month,"FREE delivery Tomorrow, Sep 20 Only 12 left in stock - order soon."
B09YDMWFT1,Motorola Moto Edge,Motorola Moto Edge 5G UW 256gb,$96.26 ,$124.56 ,USD,4.1,313,10,$89.22 ,50+ bought in past month,"FREE delivery Sep 25 - 27 Or fastest delivery Tomorrow, Sep 20"
B08PNCYYVZ,"Apple iPhone 12,","Apple iPhone 12, 128GB, Black ",$287.30 ,$314.99 ,USD,4.1,25638,20,$284.92 ,2K+ bought in past month,FREE delivery Sep 24 - 26 Only 1 left in stock - order soon.
B0DC6L8DXL,SPIDERCASE Magnetic for,SPIDERCASE Magnetic for iPhone,$9.99 ,$19.99 ,USD,4.3,158,1,$9.99 ,100+ bought in past month,"FREE delivery Tue, Sep 24 on $35 of items shipped by Amazon"
B0BTFHM2GZ,Panasonic Cordless Phone,Panasonic Cordless Phone with ,$159.99 ,$179.99 ,USD,4.3,1325,3,$98.03 ,1K+ bought in past month,"FREE delivery Tue, Sep 24"
B0CV4NH5T9,SAMSUNG Galaxy A35,SAMSUNG Galaxy A35 5G A Series,$349.99 ,$399.99 ,USD,4.4,266,3,$313.91 ,500+ bought in past month,"FREE delivery Tue, Sep 24"
B09BTB5MKT,Motorola Moto G,Motorola Moto G Pure | 2021 | ,$98.93 ,$159.99 ,USD,4.1,2079,7,$80.04 ,300+ bought in past month,"FREE delivery Wed, Sep 25"
B0BV5SV5HL,Samsung Galaxy S23,Samsung Galaxy S23 Ultra 5G SM,$799.99 ,$859.99 ,USD,4.4,380,11,$759.50 ,400+ bought in past month,"FREE delivery Sat, Sep 21 Or fastest delivery Tomorrow, Sep 20"
B09LKXHWCF,Apple iPhone 13,"Apple iPhone 13 Mini, 128GB, B",$355.81 ,$415.00 ,USD,4.1,4265,20,$303.99 ,500+ bought in past month,"FREE delivery Tomorrow, Sep 20"
B092NTYZ78,Panasonic Compact Cordless,Panasonic Compact Cordless Pho,$19.89 ,$24.99 ,USD,4.2,5617,3,$12.14 ,1K+ bought in past month,"FREE delivery Tue, Sep 24 on $35 of items shipped by Amazon"
B09V5LDZQ4,Samsung Galaxy S22,"Samsung Galaxy S22 Smartphone,",$225.62 ,$379.99 ,USD,4.0,1980,38,$204.00 ,2K+ bought in past month,"FREE delivery Fri, Sep 27 Or fastest delivery Tomorrow, Sep 20 Only 11 left in stock - order soon."
B0CQ9SZJN6,"OnePlus 12R, 16GB","OnePlus 12R, 16GB RAM+256GB, D",$549.99 ,$599.99 ,USD,4.4,397,2,$493.11 ,400+ bought in past month,"FREE delivery Tue, Sep 24"
B09SNPBN6B,Moto G Power,Moto G Power | 2022 | 3-Day Ba,$179.99 ,$199.99 ,USD,4.2,10670,6,$79.79 ,List: ,"FREE delivery Tue, Sep 24 Only 17 left in stock - order soon."
B09LG4PSB6,Samsung Galaxy S20,Samsung Galaxy S20 FE 5G 128GB,$152.93 ,$478.98 ,USD,4.1,1184,31,$133.99 ,500+ bought in past month,FREE delivery Sep 23 - 24 Only 20 left in stock - order soon.
B0BLZN9NDG,"SAMSUNG,Galaxy A04e (SM-A042M/DS)","SAMSUNG,Galaxy A04e (SM-A042M/",$88.99 ,$105.00 ,USD,3.8,700,10,$70.00 ,500+ bought in past month,"FREE delivery Tue, Sep 24"
B08WF93R89,Samsung Galaxy S21,"Samsung Galaxy S21 5G, US Vers",$238.99 ,$849.99 ,USD,4.0,1038,15,$164.99 ,400+ bought in past month,FREE delivery Sep 23 - 25 Only 2 left in stock - order soon.
B09XP9FX25,Samsung Galaxy A53,Samsung Galaxy A53 5G A Series,$169.99 ,$189.00 ,USD,3.9,411,14,$127.16 ,200+ bought in past month,"FREE delivery Sat, Sep 21 Or fastest delivery Tomorrow, Sep 20 Only 3 left in stock - order soon."
B0BDP9S53V,SAMSUNG S21 FE,SAMSUNG S21 FE 128GB GRAY TMOB,$169.99 ,$188.00 ,USD,4.0,131,19,$162.82 ,50+ bought in past month,FREE delivery
B07C4WX72D,VTech SN5147 Amplified,VTech SN5147 Amplified Corded/,$63.98 ,$109.95 ,USD,4.0,6350,23,$29.95 ,1K+ bought in past month,FREE deliveryOnly 10 left in stock - order soon.
B0CYQ916ZY,Google Pixel 8a,Google Pixel 8a - Unlocked And,$399.00 ,$499.00 ,USD,4.2,400,2,$383.04 ,1K+ bought in past month,"FREE delivery Tue, Sep 24"
B0CRFB8HW4,SAMSUNG Galaxy A05,"SAMSUNG Galaxy A05 (128GB, 4GB",$111.07 ,$119.99 ,USD,4.0,101,10,$94.76 ,500+ bought in past month,"FREE delivery Wed, Sep 25"
B0BZG31S2R,Panasonic Cordless Phone,Panasonic Cordless Phone with ,$99.99 ,$119.99 ,USD,4.4,1332,7,$46.20 ,1K+ bought in past month,"FREE delivery Tue, Sep 24"
B0CV1FCLLR,Motorola Moto G14,Motorola Moto G14 Dual SIM (20,$103.12 ,$149.99 ,USD,3.8,37,7,$102.96 ,400+ bought in past month,"FREE delivery Wed, Oct 2 Only 6 left in stock - order soon."
B0CQ5JGH2Y,"OnePlus 12,16GB RAM+512GB,Dual-SIM,Unlocked","OnePlus 12,16GB RAM+512GB,Dual",$799.99 ,$899.99 ,USD,4.5,506,2,$715.67 ,400+ bought in past month,"FREE delivery Tue, Sep 24"
B000050FZP,AT&amp;T 210 Basic,AT&amp;T 210 Basic Trimline Co,$15.95 ,$18.86 ,USD,4.2,19530,49,$8.61 ,1K+ bought in past month,"FREE delivery Thu, Sep 26 on $35 of items shipped by AmazonOr fastest delivery Tue, Sep 24"
B09R1RKWPM,AT&amp;T TRIMLINE 210,AT&amp;T TRIMLINE 210 Corded H,$16.14 ,$16.95 ,USD,4.3,2962,3,$9.65 ,1K+ bought in past month,"FREE delivery Tue, Sep 24 on $35 of items shipped by Amazon"
B0CN1Q2X3B,SAMSUNG Galaxy A25,SAMSUNG Galaxy A25 5G A Series,$249.99 ,$299.99 ,USD,3.4,262,2,$164.31 ,500+ bought in past month,"FREE delivery Tue, Sep 24"
B0CRWT7WF1,Samsung Galaxy A05,Samsung Galaxy A05 A055M 64GB ,$98.00 ,$118.97 ,USD,4.0,115,14,$95.97 ,500+ bought in past month,"FREE delivery Tue, Sep 24"
B07VCB7P1L,Kyocera DuraForce Pro,Kyocera DuraForce Pro 2 with S,$72.25 ,$91.00 ,USD,3.5,381,7,$64.30 ,50+ bought in past month,"FREE delivery Tue, Sep 24"
B084KS5WYC,Samsung Galaxy A10e,Samsung Galaxy A10e 32GB A102U,$69.07 ,$77.00 ,USD,3.9,3440,26,$68.95 ,500+ bought in past month,"FREE delivery Sat, Sep 21"
B0CNL663BM,Apple iPhone 8,Apple iPhone 8 64GB Unlocked -,$120.00 ,$139.00 ,USD,4.1,269,10,$89.99 ,1K+ bought in past month,"FREE delivery Sat, Sep 21"
B092499CS7,AT&amp;T CL82267 DECT,AT&amp;T CL82267 DECT 6.0 2-Ha,$46.49 ,$65.95 ,USD,4.3,7573,2,$32.72 ,300+ bought in past month,"FREE delivery Tue, Sep 24"
B0CF2PV74C,Motorola Moto G54,Motorola Moto G54 Dual-SIM 256,$154.98 ,$177.00 ,USD,4.4,1073,6,$139.50 ,200+ bought in past month,"FREE delivery Tue, Sep 24"
B0CGTKM9WC,Google Pixel 8,Google Pixel 8 - Unlocked Andr,$499.00 ,$699.00 ,USD,4.3,2391,5,$475.00 ,400+ bought in past month,"FREE delivery Tue, Sep 24"
B0B8F1S1XG,AT&amp;T CL82219 DECT,AT&amp;T CL82219 DECT 6.0 2-Ha,$51.60 ,$65.95 ,USD,4.3,574,6,$27.67 ,500+ bought in past month,"FREE delivery Tue, Sep 24"
B0CD8YMKWC,SAMSUNG Galaxy S23,SAMSUNG Galaxy S23 FE Cell Pho,$559.99 ,$659.99 ,USD,4.5,1159,2,$451.85 ,100+ bought in past month,"FREE delivery Tue, Sep 24"
B0DB88HK1Z,Reno 11 Pro,Reno 11 Pro Unlocked Android P,$99.99 ,$119.99 ,USD,2.8,6,1,$99.99 ,List: ,"FREE delivery Wed, Sep 25"
B0BP8GMBPF,ONEPLUS 10T |,ONEPLUS 10T | Moonstone Black ,$204.95 ,$389.00 ,USD,3.8,73,1,$204.95 ,200+ bought in past month,"FREE delivery Tue, Sep 24"
B0B8F1S1XG,AT&amp;T CL82219 DECT,AT&amp;T CL82219 DECT 6.0 2-Ha,$51.60 ,$65.95 ,USD,4.3,574,6,$27.67 ,500+ bought in past month,"FREE delivery Tue, Sep 24"
B0DB88HK1Z,Reno 11 Pro,Reno 11 Pro Unlocked Android P,$99.99 ,$119.99 ,USD,2.8,6,1,$99.99 ,List: ,"FREE delivery Wed, Sep 25"
B086R819LS,VTech IS8151-5 Super,VTech IS8151-5 Super Long Rang,$148.87 ,$164.95 ,USD,4.2,8627,5,$51.94 ,300+ bought in past month,"FREE delivery Tue, Sep 24"
B09RNBM76R,SAMSUNG Galaxy XCover6,SAMSUNG Galaxy XCover6 Pro 5G ,$124.99 ,$499.99 ,USD,3.9,98,7,$98.99 ,100+ bought in past month,"FREE delivery Tue, Sep 24"
B0D18SMB1X,SAMSUNG Galaxy Z,SAMSUNG Galaxy Z Fold 6 AI Cel,"$1,614.99 ","$2,019.99 ",USD,4.1,83,10,"$1,583.65 ",300+ bought in past month,"FREE delivery Tomorrow, Sep 20 Only 5 left in stock - order soon."
B09ZRTQXQ7,Samsung Galaxy A13,"Samsung Galaxy A13 5G (64GB, 4",$94.00 ,$179.00 ,USD,4.0,171,21,$77.67 ,100+ bought in past month,"FREE delivery Tue, Sep 24 Only 13 left in stock - order soon."
B0CWLJSSSX,[New] VTech VG131-21,[New] VTech VG131-21 DECT 6.0 ,$30.52 ,$32.95 ,USD,4.2,40734,2,$19.99 ,200+ bought in past month,"FREE delivery Tue, Sep 24 on $35 of items shipped by Amazon"
B08HBPXM97,Kyocera DuraXV Extreme,Kyocera DuraXV Extreme E4810 V,$159.99 ,$199.75 ,USD,3.8,275,7,$125.98 ,100+ bought in past month,"FREE delivery Fri, Sep 27 Or fastest delivery Mon, Sep 23"
B08L9MY937,Samsung - Galaxy,Samsung - Galaxy A71 A716U 5G ,$145.00 ,$166.00 ,USD,4.0,1769,16,$111.10 ,300+ bought in past month,"FREE delivery Tue, Sep 24"
B09BM2FZ3M,OnePlus Nord N200,OnePlus Nord N200 | 5G for T-M,$74.00 ,$84.37 ,USD,4.1,385,16,$70.00 ,500+ bought in past month,"FREE delivery Wed, Sep 25"
B084HM9YWW,"Apple iPhone 11,","Apple iPhone 11, US Version, 6",$209.00 ,$222.07 ,USD,4.2,52783,1,$209.00 ,100+ bought in past month,"FREE delivery Sat, Sep 21 Or fastest delivery Tomorrow, Sep 20 Only 7 left in stock - order soon."
B08HKRVZ4W,Samsung Galaxy Note,Samsung Galaxy Note 20 5G (128,$225.00 ,$598.98 ,USD,4.3,940,19,$190.95 ,400+ bought in past month,"FREE delivery Thu, Sep 26 Or fastest delivery Tomorrow, Sep 20"
B00FRS8UKM,VTech CS6719-16 DECT,VTech CS6719-16 DECT 6.0 Phone,$20.23 ,$21.95 ,USD,4.4,37768,6,$10.99 ,300+ bought in past month,"FREE delivery Tue, Sep 24 on $35 of items shipped by Amazon"
B07BZV9DST,VTech DS6151-2 2,VTech DS6151-2 2 Handset 2-Lin,$96.87 ,$109.95 ,USD,4.1,1173,21,$36.35 ,600+ bought in past month,"FREE delivery Fri, Sep 27"
B0CMPLN52T,"Apple iPhone 15,","Apple iPhone 15, 128GB, Pink -",$620.05 ,$661.99 ,USD,4.4,566,21,$615.99 ,200+ bought in past month,FREE delivery Sep 24 - 25 Only 1 left in stock - order soon.
B08CFSZLQ4,Google Pixel 4a,Google Pixel 4a - Unlocked And,$159.99 ,$179.99 ,USD,4.5,10417,15,$149.99 ,200+ bought in past month,"FREE delivery Sep 23 - 24 Or fastest delivery Tomorrow, Sep 20"
B09BFRV59N,SAMSUNG Galaxy S21,SAMSUNG Galaxy S21 FE 5G Cell ,$319.95 ,$348.28 ,USD,4.5,14909,1,$319.95 ,200+ bought in past month,"FREE delivery Thu, Sep 26 Only 4 left in stock - order soon."
B08Y727NMK,OnePlus 9 Winter,"OnePlus 9 Winter Mist, 5G Unlo",$188.89 ,$599.99 ,USD,4.2,1039,1,$188.89 ,200+ bought in past month,"FREE delivery Thu, Sep 26"
B09Q7JLN13,SIMBROS Radiant Core,SIMBROS Radiant Core Phone At&,$39.99 ,$49.99 ,USD,3.0,58,1,$39.99 ,50+ bought in past month,"FREE delivery Tue, Sep 24"
B01LZV2HVG,Panasonic Amplified Cordless,Panasonic Amplified Cordless P,$103.76 ,$119.99 ,USD,4.3,1452,25,$49.99 ,300+ bought in past month,"FREE delivery Tue, Sep 24"
B07D2BHBYR,AT&amp;T CL84107 DECT,AT&amp;T CL84107 DECT 6.0 Expa,$76.95 ,$88.14 ,USD,4.4,5154,5,$32.95 ,200+ bought in past month,"FREE delivery Tue, Sep 24"
B088XZFKJ5,Samsung Galaxy A20,Samsung Galaxy A20 32GB 6.4&qu,$91.75 ,$199.95 ,USD,3.9,641,17,$56.10 ,100+ bought in past month,"FREE delivery Sat, Sep 21 Only 3 left in stock - order soon."
B07H8PXT7K,Samsung Galaxy Note,"Samsung Galaxy Note 9, 128GB, ",$183.00 ,$198.00 ,USD,4.3,3281,6,$156.00 ,100+ bought in past month,FREE delivery Sep 24 - 26 Or fastest delivery Sep 23 - 25
B0D1ZFS9GH,Moto G Stylus,Moto G Stylus 5G | 2024 | Unlo,$349.99 ,$399.99 ,USD,4.3,55,3,$335.72 ,400+ bought in past month,"FREE delivery Tue, Sep 24"
B0CHN7M531,"OnePlus Open, 16GB","OnePlus Open, 16GB RAM+512GB, ","$1,299.99 ","$1,699.99 ",USD,4.1,218,4,"$1,138.07 ",200+ bought in past month,"FREE delivery Tue, Sep 24"
B0CCSF3WML,Straight Talk Apple,Straight Talk Apple iPhone 7 3,$83.00 ,$98.99 ,USD,3.8,67,4,$82.17 ,200+ bought in past month,FREE delivery Sep 24 - 26 Or fastest delivery Sep 23 - 25
B09V1NGFN4,SAMSUNG Galaxy S22,SAMSUNG Galaxy S22 128 GB Gree,$235.90 ,$250.00 ,USD,4.0,807,27,$199.50 ,400+ bought in past month,"FREE delivery Tue, Sep 24 Or fastest delivery Sat, Sep 21"
B06X1B444W,VTech Connect to,VTech Connect to Cell DS6771-3,$98.25 ,$109.99 ,USD,4.1,2542,25,$34.63 ,200+ bought in past month,"FREE delivery Tue, Sep 24"
B01K5N4QEM,Panasonic Expandable Cordless,Panasonic Expandable Cordless ,$31.49 ,$34.99 ,USD,4.3,2060,21,$14.19 ,100+ bought in past month,"FREE delivery Tue, Sep 24 on $35 of items shipped by Amazon"
B0929127RH,VTech IS8121-3 Super,VTech IS8121-3 Super Long Rang,$76.56 ,$80.58 ,USD,4.2,4051,3,$48.26 ,300+ bought in past month,"FREE delivery Tue, Sep 24"
B0CHYBX2L4,Blackview Rugged Smartphone,Blackview Rugged Smartphone Un,$169.99 ,$199.99 ,USD,4.1,214,1,$169.99 ,50+ bought in past month,"FREE delivery Tue, Sep 24 Only 16 left in stock - order soon."
B0858974Q2,SAMSUNG Galaxy A10e,SAMSUNG Galaxy A10e GSM Unlock,$69.00 ,$74.99 ,USD,3.8,1199,16,$67.69 ,50+ bought in past month,"FREE delivery Sat, Sep 21 Only 13 left in stock - order soon."
B0757B9VFG,VTech AM18447 Main,VTech AM18447 Main Console 4-L,$149.95 ,$164.95 ,USD,4.3,1161,6,$55.94 ,300+ bought in past month,"FREE delivery Thu, Sep 26 Or fastest delivery Tue, Sep 24"
B08GPJYY54,VTech VS113-5 Extended,VTech VS113-5 Extended Range 5,$119.95 ,$142.95 ,USD,4.0,1910,2,$75.26 ,100+ bought in past month,"FREE delivery Tue, Sep 24"
B003BNY7QG,AT&amp;T ML17939 2-Line,AT&amp;T ML17939 2-Line Corded,$70.32 ,$87.95 ,USD,4.3,1082,83,$40.32 ,200+ bought in past month,"FREE delivery Tue, Sep 24"
B08H85VZNX,Google Pixel 4a,"Google Pixel 4a Smartphone, 12",$130.00 ,$159.99 ,USD,4.0,1204,11,$109.85 ,50+ bought in past month,"FREE delivery Sat, Sep 21 Or fastest delivery Tomorrow, Sep 20 Only 2 left in stock - order soon."
B007P8DMBE,AT&amp;T TL88102 DECT,AT&amp;T TL88102 DECT 6.0 2-Li,$95.53 ,$119.95 ,USD,4.1,836,49,$38.11 ,100+ bought in past month,"FREE delivery Tue, Sep 24"
B07X4B9G32,Moto Z4 -,Moto Z4 - For Verizon - 128 GB,$80.29 ,$94.79 ,USD,4.2,795,8,$64.57 ,100+ bought in past month,"FREE delivery Fri, Sep 27 Or fastest delivery Tomorrow, Sep 20 Only 19 left in stock - order soon."
B08HVXC89J,LIVELY Jitterbug Flip2,LIVELY Jitterbug Flip2 - Flip ,$47.99 ,$79.99 ,USD,4.0,3219,11,$44.34 ,300+ bought in past month,"FREE delivery Tue, Sep 24"
B08FRS3R32,SAMSUNG Galaxy S20+,SAMSUNG Galaxy S20+ Plus 5G Fa,$249.70 ,$349.00 ,USD,3.7,305,8,$213.91 ,200+ bought in past month,"FREE delivery Tue, Sep 24 Only 1 left in stock - order soon."
B0845ZVJW3,Samsung Galaxy Note,"Samsung Galaxy Note 10+, 256GB",$264.95 ,$299.99 ,USD,4.2,2949,14,$217.95 ,200+ bought in past month,"FREE delivery Sat, Sep 21 Only 2 left in stock - order soon."
B0D19B2D19,SAMSUNG Galaxy Z,SAMSUNG Galaxy Z Flip 6 AI Cel,$944.96 ,"$1,219.99 ",USD,4.2,93,8,$899.99 ,300+ bought in past month,"FREE delivery Sep 23 - 24 Or fastest delivery Tomorrow, Sep 20"
B08R61G69Q,Google Pixel 4a,"Google Pixel 4a with 5G, 6.2&q",$135.00 ,$159.00 ,USD,3.8,866,10,$128.95 ,100+ bought in past month,"FREE delivery Sat, Sep 21 Only 4 left in stock - order soon."
B07R5CJDD7,Google - Pixel,Google - Pixel 3a X-Large with,$139.99 ,$479.00 ,USD,4.3,4559,20,$109.90 ,List: ,"FREE delivery Tue, Sep 24"
B086H3HH5V,Moto E |,Moto E | Unlocked | Made for U,$107.99 ,$119.99 ,USD,4.4,16748,4,$61.03 ,Typical: ,"FREE delivery Thu, Sep 26"
B008UZE0IU,VTech CD1113 Corded,VTech CD1113 Corded Phone for ,$22.40 ,$23.86 ,USD,4.1,1742,15,$14.80 ,100+ bought in past month,"FREE delivery Tue, Sep 24 on $35 of items shipped by Amazon"
B084CVPLLC,Moto G stylus,Moto G stylus | 2020 | Unlocke,$149.99 ,$179.99 ,USD,4.4,6645,5,$89.95 ,Typical: ,"FREE delivery Fri, Sep 27"
B004KQDBKG,Panasonic KX-TS880B Integrated,Panasonic KX-TS880B Integrated,$55.00 ,$59.99 ,USD,3.9,862,3,$16.41 ,50+ bought in past month,"FREE delivery Tue, Sep 24"
B08M46Q3C1,Panasonic Office Phone,"Panasonic Office Phone System,",$146.29 ,$169.99 ,USD,3.8,136,23,$61.19 ,100+ bought in past month,"FREE delivery Tue, Sep 24"
B0CSDWT13K,Xiaomi Redmi Note,Xiaomi Redmi Note 13 4G LTE (2,$159.69 ,$169.99 ,USD,4.4,155,1,$159.69 ,300+ bought in past month,"FREE delivery Tue, Sep 24"
B0CQPBKCNH,Hellobaby DECT 6.0,Hellobaby DECT 6.0 Cordless Ph,$27.99 ,$37.99 ,USD,3.9,178,3,$25.93 ,200+ bought in past month,"FREE delivery Tue, Sep 24 on $35 of items shipped by Amazon"
B0CH9P3HYW,VTech IS8251 Business,VTech IS8251 Business Grade Ex,$89.95 ,$109.95 ,USD,4.2,918,2,$56.58 ,List: ,"FREE delivery Tue, Sep 24"
B07DVTRK72,Y043 Corded Landline,Y043 Corded Landline Telephone,$18.98 ,$29.98 ,USD,3.8,1235,1,$18.98 ,100+ bought in past month,"FREE delivery Tue, Sep 24 on $35 of items shipped by Amazon"
B0CK2RLX1N,Motorola Edge +,Motorola Edge + Plus | 2022 | ,$184.95 ,$219.00 ,USD,4.0,69,1,$184.95 ,Typical price: ,"FREE delivery Sep 25 - 27 Or fastest delivery Tomorrow, Sep 20 Only 1 left in stock - order soon."
B0CNPHHTM3,HelloBaby DECT 6.0,HelloBaby DECT 6.0 Cordless Ph,$39.99 ,$42.99 ,USD,3.9,300,3,$34.74 ,100+ bought in past month,"FREE delivery Tue, Sep 24"
B099NZRSND,Motorola One 5G,Motorola One 5G UW 128GB Oxfor,$82.85 ,$97.99 ,USD,4.3,162,8,$73.99 ,Typical price: ,FREE delivery Sep 24 - 26 Or fastest delivery Sep 20 - 24
B0D1C7N13W,AT&amp;T Essentials Edge,AT&amp;T Essentials Edge Pro C,$17.99 ,$29.99 ,USD,3.4,6,1,$17.99 ,List: ,"FREE delivery Tue, Sep 24 on $35 of items shipped by Amazon"
B0016CVUR8,Hamburger Cheeseburger Burger,Hamburger Cheeseburger Burger ,$12.98 ,$15.80 ,USD,4.3,1079,8,$12.00 ,100+ bought in past month,"FREE delivery Tue, Sep 24 on $35 of items shipped by Amazon"
B09GKPDCVW,Yealink W76P -,Yealink W76P - IP DECT Phone B,$161.23 ,$179.99 ,USD,4.2,155,31,$95.00 ,200+ bought in past month,"FREE delivery Tue, Sep 24 Only 11 left in stock - order soon."
B09GKXZCWY,SAMSUNG Galaxy Z,SAMSUNG Galaxy Z Flip 3 5G Fac,$326.00 ,$539.99 ,USD,3.9,313,4,$214.99 ,50+ bought in past month,"FREE delivery Sep 26 - Oct 2 Or fastest delivery Tomorrow, Sep 20 Only 3 left in stock - order soon."
B0CH7Q92J8,NUU A23Plus Basic,NUU A23Plus Basic Cell Phone f,$79.99 ,$84.99 ,USD,3.7,400,1,$79.99 ,400+ bought in past month,"FREE delivery Tue, Sep 24"
B0CMTLGC9W,Kids Smart Phone,"Kids Smart Phone for Girls, Ch",$31.99 ,$39.99 ,USD,4.2,1373,3,$26.93 ,4K+ bought in past month,"FREE delivery Tue, Sep 24"
B0BYL93774,"Apple iPhone 14,","Apple iPhone 14, 128GB, Midnig",$541.06 ,$579.00 ,USD,4.2,776,6,$511.67 ,500+ bought in past month,"FREE delivery Tue, Sep 24"
B09D55BNYB,Motorola Moto G,Motorola Moto G Stylus 128GB M,$66.89 ,$77.00 ,USD,4.0,119,10,$62.22 ,Typical price: ,"FREE delivery Sat, Sep 21 Or fastest delivery Tomorrow, Sep 20 Only 2 left in stock - order soon."
B0DCJRJDZS,A23 Unlocked Android,A23 Unlocked Android Phone 6.7,$99.99 ,$109.99 ,USD,5.0,3,1,$99.99 ,50+ bought in past month,FREE delivery
B0C5BHVCSJ,motorola Moto G,motorola Moto G Play 2023 3-Da,$72.99 ,$99.00 ,USD,3.9,291,17,$69.94 ,400+ bought in past month,"FREE delivery Fri, Sep 27 Only 1 left in stock - order soon."
B0CN6Q9D6T,AGM M9 Rugged,AGM M9 Rugged Basic Cell Phone,$49.99 ,$79.99 ,USD,3.8,299,1,$49.99 ,300+ bought in past month,"FREE delivery Tue, Sep 24"
B07P936C7F,Yealink SIP-T57W IP,Yealink SIP-T57W IP Phone - Co,$202.00 ,$359.00 ,USD,3.7,93,25,$164.35 ,List: ,"FREE delivery Sep 24 - 26 Or fastest delivery Mon, Sep 23 Only 10 left in stock - order soon."
B0BPN14LQG,Samsung Galaxy A23,Samsung Galaxy A23 5G SM-A236U,$125.00 ,$134.00 ,USD,4.1,309,19,$103.90 ,300+ bought in past month,"FREE delivery Sat, Sep 21 Only 1 left in stock - order soon."
B099N3XGP7,AT&amp;T CL83507 DECT,AT&amp;T CL83507 DECT 6.0 5-Ha,$131.88 ,$139.95 ,USD,4.3,3777,3,$62.01 ,200+ bought in past month,"FREE delivery Thu, Sep 26 Or fastest delivery Tue, Sep 24"
B08MV7HWFK,Google Pixel 5,"Google Pixel 5 5G, US Version,",$154.31 ,$284.99 ,USD,3.9,2306,7,$134.99 ,200+ bought in past month,"FREE delivery Fri, Sep 27 Or fastest delivery Tomorrow, Sep 20 Only 6 left in stock - order soon."
B086W923PZ,D1005 Cordless Phone,"D1005 Cordless Phone for Home,",$27.98 ,$32.98 ,USD,3.8,1414,1,$27.98 ,50+ bought in past month,"FREE delivery Wed, Sep 25 on $35 of items shipped by Amazon"
B0CH964JZ8,LIVELY Jitterbug Smart4,LIVELY Jitterbug Smart4 Smartp,$71.99 ,$119.99 ,USD,4.0,1857,3,$65.35 ,500+ bought in past month,"FREE delivery Tue, Sep 24"
B0B4F4DH6H,Panasonic Expandable Corded,Panasonic Expandable Corded Ph,$114.28 ,$129.99 ,USD,4.2,539,2,$41.84 ,50+ bought in past month,"FREE delivery Tue, Sep 24"
B0B4F4DH6H,Panasonic Expandable Corded,Panasonic Expandable Corded Ph,$114.28 ,$129.99 ,USD,4.2,539,2,$41.84 ,50+ bought in past month,"FREE delivery Tue, Sep 24"
B08CHRHFRL,Samsung Galaxy A01,Samsung Galaxy A01 16GB BLACK ,$57.00 ,$79.90 ,USD,3.9,359,25,$49.00 ,100+ bought in past month,"FREE delivery Tue, Sep 24"
B07RBMP5V4,Sangyn Retro Wall,Sangyn Retro Wall Phones for L,$34.98 ,$38.98 ,USD,4.0,1645,1,$34.98 ,50+ bought in past month,"FREE delivery Tue, Sep 24 on $35 of items shipped by Amazon"
B0BCF3YGGF,Samsung Galaxy S22,"Samsung Galaxy S22 5G (128GB, ",$249.99 ,$270.00 ,USD,4.1,142,11,$219.00 ,200+ bought in past month,"FREE delivery Mon, Sep 23"
B07CCNTHYH,Alcatel 1 5033J,Alcatel 1 5033J Unlocked Smart,$59.99 ,$62.99 ,USD,3.8,161,4,$39.00 ,Typical: ,"FREE delivery Tue, Sep 24 Only 11 left in stock - order soon."
B0D8PN6CPQ,TOCOL 3 in,TOCOL 3 in 1 Magnetic for iPho,$14.99 ,$24.99 ,USD,4.6,4022,1,$14.99 ,500+ bought in past month,"FREE delivery Tue, Sep 24 on $35 of items shipped by Amazon"
B0D5CVTSZ1,Magnetic Neck Mount,Magnetic Neck Mount for Phones,$27.49 ,$29.94 ,USD,4.6,38,1,$27.49 ,300+ bought in past month,"FREE delivery Tue, Sep 24 on $35 of items shipped by Amazon"
B0CHB24KQJ,[True Military-Grade] Car,[True Military-Grade] Car Phon,$39.99 ,$45.99 ,USD,4.4,2589,1,$39.99 ,50+ bought in past month,"FREE delivery Tue, Sep 24"
B0CQ237PFS,Portable Charger 33800mAh,Portable Charger 33800mAh USB ,$45.95 ,$69.95 ,USD,4.4,672,1,$45.95 ,3K+ bought in past month,"FREE delivery Tue, Sep 24"
